ratio,bin
0.4061150251606365,0.15
0.10190214399690103,0.3
0.006175976761892475,0.44999999999999996
0.008543280198360006,0.6
0.0020796963110632843,0.75
0.002155207220990487,0.8999999999999999
0.0,1.05
0.0,1.2
0.0,1.3499999999999999
0.0,1.5
0.0,1.65
0.0,1.7999999999999998
0.0,1.95
0.0,2.1
0.0,2.25
0.0,2.4
0.0,2.55
0.0,2.6999999999999997
0.0,2.85
0.0,3.0
0.0,3.15
0.0,3.3
0.0,3.4499999999999997
0.0,3.5999999999999996
0.0,3.75
0.0,3.9
0.0,4.05
0.0,4.2
0.0,4.35
0.0,4.5
0.0,4.6499999999999995
0.0,4.8
0.0,4.95
0.0,5.1
0.0,5.25
0.0,5.3999999999999995
0.0,5.55
0.0,5.7
0.0,5.85
0.0,6.0
0.0,6.1499999999999995
0.0,6.3
0.0,6.45
0.0,6.6
0.0,6.75
0.0,6.8999999999999995
0.0,7.05
0.0,7.199999999999999
0.0,7.35
0.0,7.5
0.0,7.6499999999999995
0.0,7.8
0.0,7.949999999999999
0.0,8.1
0.0,8.25
0.0,8.4
0.0,8.549999999999999
0.0,8.7
0.0,8.85
0.0,9.0
0.0,9.15
0.0,9.299999999999999
0.0,9.45
0.0,9.6
0.0,9.75
0.0,9.9
0.0,10.049999999999999
0.0,10.2
0.0,10.35
0.0,10.5
0.0,10.65
0.0,10.799999999999999
0.0,10.95
0.0,11.1
0.001444819445312728,11.25
0.0,11.4
0.0,11.549999999999999
0.0,11.7
0.0,11.85
0.0,12.0
0.0,12.15
0.0,12.299999999999999
0.0018170815983095815,12.45
0.0,12.6
0.0,12.75
0.0,12.9
0.0,13.049999999999999
0.0,13.2
0.0,13.35
0.0,13.5
0.0,13.65
0.001814766844685796,13.799999999999999
0.0,13.95
0.0,14.1
0.0,14.25
0.0,14.399999999999999
0.0,14.549999999999999
0.0,14.7
0.0,14.85
0.0,15.0
0.0,15.149999999999999
0.0,15.299999999999999
0.0,15.45
0.0,15.6
0.0,15.75
0.0,15.899999999999999
0.0015723973212745164,16.05
0.0,16.2
0.0,16.349999999999998
0.0,16.5
0.0,16.65
0.0,16.8
0.0,16.95
0.0,17.099999999999998
0.0014536652786513774,17.25
0.0,17.4
0.004173609296120873,17.55
0.001473207831518459,17.7
0.0,17.849999999999998
0.0014317507267082531,18.0
0.0,18.15
0.001391203098709326,18.3
0.0,18.45
0.0027264918145005375,18.599999999999998
0.0,18.75
0.0069087874542976095,18.9
0.0013619426128856117,19.05
0.00266030247073115,19.2
0.0,19.349999999999998
0.0015059111766117462,19.5
0.0033878524924531054,19.65
0.0036111330116008387,19.8
0.006079339856659191,19.95
0.008793777611586331,20.099999999999998
0.008467114253055161,20.25
0.006275735564213792,20.4
0.010825166968666648,20.55
0.007131874708768615,20.7
0.008848397348301434,20.849999999999998
0.011787404032548127,21.0
0.004912386114057003,21.15
0.01262296685004521,21.3
0.006949229136958687,21.45
0.015697983174397034,21.599999999999998
0.010338113012169046,21.75
0.014664917369905465,21.9
0.0064461175252331715,22.05
0.01930922855073611,22.2
0.019694819904283838,22.349999999999998
0.014906044561338887,22.5
0.02094988195701078,22.65
0.02751812132242657,22.8
0.015581474705527398,22.95
0.02442157668131196,23.099999999999998
0.026269071843966978,23.25
0.021390269866013976,23.4
0.03184631832510874,23.55
0.02297728988833381,23.7
0.030267534838736492,23.849999999999998
0.04231461306168171,24.0
0.03147110397076551,24.15
0.04684756862135351,24.3
0.07058789055784885,24.45
0.17304365774659453,24.599999999999998
0.5272437636205052,24.75
1.0654342784558741,24.9
1.8446190904456465,25.05
2.793548993358579,25.2
3.5316455458208904,25.349999999999998
3.851980908333512,25.5
3.5709519537891934,25.65
3.7107039522177567,25.8
3.981282146323212,25.95
3.7207957738362443,26.099999999999998
3.8125183462850423,26.25
3.876758484109909,26.4
3.7676708761629274,26.55
3.5795891526880754,26.7
3.9192492370071945,26.849999999999998
3.7297638284708037,27.0
3.641524574137293,27.15
3.684999467929203,27.3
3.5806222576477986,27.45
3.7339089323144465,27.599999999999998
3.49727297052449,27.75
3.2605230853990004,27.9
3.2798745426645834,28.05
3.4033010998186617,28.2
3.310535547190073,28.349999999999998
3.0719448599758414,28.5
2.942283051668537,28.65
3.1415511876863986,28.799999999999997
2.8023663695731074,28.95
3.0872080414052636,29.099999999999998
3.108542379246136,29.25
2.7647636810818508,29.4
2.9037790876362384,29.549999999999997
2.8594574459588715,29.7
2.997170346360063,29.849999999999998
2.493035952883911,30.0
2.0985663138830613,30.15
1.4742046288552995,30.299999999999997
0.9039336448975229,30.45
0.6113572574814481,30.599999999999998
0.4440286669329447,30.75
0.3352207506550519,30.9
0.28480339997197623,31.049999999999997
0.29260734679383227,31.2
0.40592422131242,31.349999999999998
0.7512877511972311,31.5
1.2583895762176325,31.65
1.8140612245251395,31.799999999999997
1.9940291572656326,31.95
2.08225161973831,32.1
1.96019438155879,32.25
1.8015832331272574,32.4
1.9508620795040204,32.55
1.9533878855204558,32.699999999999996
1.7776959664031968,32.85
1.7741527654837506,33.0
1.9971459677053298,33.15
1.9825411846045005,33.3
2.02410776174624,33.449999999999996
1.9551040880503479,33.6
1.860873264831207,33.75
2.0362270193906267,33.9
2.01738784034095,34.05
2.02508453894296,34.199999999999996
1.769343230561033,34.35
1.395229380880921,34.5
0.9112199307406234,34.65
0.6062664628355319,34.8
0.43104982164080086,34.949999999999996
0.3630110337298294,35.1
0.36689692666759016,35.25
0.48752703078620485,35.4
0.5935272026556976,35.55
0.6261710010499852,35.699999999999996
0.6946800642905497,35.85
0.6406308539293641,36.0
0.6531320949160776,36.15
0.8319418746164454,36.3
1.0920785148298724,36.449999999999996
1.1927247899585989,36.6
1.3212108429548695,36.75
1.41347971119607,36.9
1.4139288595055362,37.05
1.2878786961053226,37.199999999999996
1.362749220756904,37.35
1.2667536578778296,37.5
1.4119663425913649,37.65
1.4824082057500412,37.8
1.3877490772211714,37.949999999999996
1.3903675412908374,38.1
1.496992760945894,38.25
1.2475355421371308,38.4
1.3088570269623612,38.55
1.352642883527206,38.699999999999996
1.367292157238491,38.85
1.4204264994711024,39.0
1.3423644421629886,39.15
1.480290305858506,39.3
1.4491924624074999,39.449999999999996
1.5463337159031936,39.6
1.5152095098253984,39.75
1.479628215721403,39.9
1.4022693068317755,40.05
1.3616145840229232,40.199999999999996
1.3758501015249318,40.35
1.3909236251159387,40.5
1.3550053909452164,40.65
1.4332652879812253,40.8
1.3354338359859848,40.949999999999996
1.2871845203543046,41.1
1.328391078342891,41.25
1.3153136487819015,41.4
1.4593381187613244,41.55
1.4426533610077734,41.699999999999996
1.4114822309931663,41.85
1.255605890752852,42.0
1.3483113609146538,42.15
1.5003245923349593,42.3
1.451510135358508,42.449999999999996
1.3589603645608495,42.6
1.3403087538901954,42.75
1.3893400610790092,42.9
1.3828675219821782,43.05
1.3701104103667872,43.199999999999996
1.414474132358712,43.35
1.4130723614344025,43.5
1.4606575926479837,43.65
1.2224410371380356,43.8
1.3008879081875426,43.949999999999996
1.459946810364482,44.1
1.3711220330683014,44.25
1.386841279229411,44.4
1.3963422738937,44.55
1.4308128987230633,44.699999999999996
1.4126373551207125,44.85
1.2920283687666094,45.0
1.3906225668630843,45.15
1.3701104103668695,45.3
1.4386769219627702,45.449999999999996
1.441801808993004,45.6
1.3539510487917792,45.75
1.3764638658779331,45.9
1.381983890656793,46.05
1.5896361650793995,46.199999999999996
1.3745387415899943,46.35
1.374538741590073,46.5
1.3979640857292694,46.65
1.4369439266003736,46.8
1.245338678451036,46.949999999999996
1.4108939733353678,47.1
1.341587291718396,47.25
1.365886259900435,47.4
1.3654723597358593,47.55
1.3539510487917392,47.699999999999996
1.2667266409465694,47.85
1.4708574769382978,48.0
1.3838893452743537,48.15
1.2658986290845624,48.3
1.3845432027491416,48.449999999999996
1.426439692885997,48.6
1.3821494661066036,48.75
1.3220506485363506,48.9
1.3700171154553884,49.05
1.2456320361602389,49.199999999999996
1.3158585624535521,49.35
1.4987488155106117,49.5
1.3363761328465145,49.65
1.466103262358171,49.8
1.4340014312870903,49.949999999999996
1.3358943788189763,50.1
1.4156435310345767,50.25
1.4338787525620647,50.4
1.367386854986583,50.55
1.3611486058545679,50.699999999999996
1.3980137646236355,50.85
1.5139933792995874,51.0
1.3659215185869464,51.15
1.4429264901044234,51.3
1.3849721237649113,51.449999999999996
1.3804974596241317,51.6
1.355604468327093,51.75
1.3117696773364036,51.9
1.5122591714197113,52.05
1.4000828638623384,52.199999999999996
1.465334741537208,52.35
1.466759895479586,52.5
1.292900491062926,52.65
1.069982114053998,52.8
0.8234983135505485,52.949999999999996
0.5482988234703646,53.1
0.4283026516457059,53.25
0.32765283075659635,53.4
0.34448994925472637,53.55
0.43639254314315923,53.699999999999996
0.6536260913688005,53.85
0.909916567073128,54.0
1.1732893798877415,54.15
1.1688959779090842,54.3
1.225727611352562,54.449999999999996
1.2300838402164251,54.6
1.3069160403819284,54.75
1.292547547373636,54.9
1.220823485083125,55.05
1.2647425654932367,55.199999999999996
1.2884302552198472,55.35
1.3385427934948149,55.5
1.2408301092274383,55.65
1.4528576868281962,55.8
1.3516295160686094,55.949999999999996
1.2399871452696722,56.1
1.3702717379408116,56.25
1.2936552108452208,56.4
1.2868407296577942,56.55
1.1364901327113777,56.699999999999996
1.2593730223527697,56.85
1.2944609755359824,57.0
1.182247591449681,57.15
1.1447614069365304,57.3
1.3204396479074119,57.449999999999996
1.2911369688266259,57.599999999999994
1.1821438086446223,57.75
1.279432127478569,57.9
1.1934914974442088,58.05
1.322115427843322,58.199999999999996
1.2935759476131903,58.349999999999994
1.2655599666814774,58.5
1.167510433107462,58.65
1.233508977885316,58.8
1.2848270395477566,58.949999999999996
1.2750770136380936,59.099999999999994
1.346671365750051,59.25
1.2313457525135831,59.4
1.1339207097070736,59.55
1.342661214061423,59.699999999999996
1.181907057309105,59.849999999999994
1.2722970628144479,60.0
1.298382274465182,60.15
1.2414989799189957,60.3
1.1910779972915968,60.449999999999996
1.253640936307428,60.599999999999994
1.1563246534712455,60.75
1.247515031294248,60.9
1.1099762019327186,61.05
1.1005615343106794,61.199999999999996
1.0336978341225525,61.349999999999994
0.9216552565200371,61.5
0.8720886223015957,61.65
0.8737792381447808,61.8
0.8376356236543706,61.949999999999996
0.8384009468106165,62.099999999999994
0.7858202928409852,62.25
0.8131015600670563,62.4
0.8454168543153078,62.55
0.835038985575428,62.699999999999996
0.8327508337957569,62.849999999999994
0.9234008203308968,63.0
0.8239531952388289,63.15
0.8897622220922236,63.3
0.8574376704125345,63.449999999999996
0.8413565318169955,63.599999999999994
0.9204600490861455,63.75
0.8906096520780868,63.9
0.91232431152499,64.05
0.8465237922746568,64.2
0.8267967616500026,64.35
0.9535886649048915,64.5
0.900927730008835,64.64999999999999
0.962087455790088,64.8
0.9430139667537377,64.95
0.8926970235769119,65.1
0.9585334070501402,65.25
0.8850277632738289,65.39999999999999
0.9115305129373868,65.55
0.8566511925215172,65.7
0.9256105464298353,65.85
0.9285664851247404,66.0
0.9787474481691822,66.14999999999999
0.9150484381406595,66.3
0.9795113624962921,66.45
0.960981984150487,66.6
0.9797027854712093,66.75
1.00019535554661,66.89999999999999
1.0143858022575583,67.05
1.0013771499061752,67.2
0.945627699343762,67.35
0.9756019815620551,67.5
1.0476301360449016,67.64999999999999
1.0237847477747155,67.8
1.0356484456936939,67.95
0.9798741220899528,68.1
0.9794984891965403,68.25
0.9535633297826037,68.39999999999999
0.9942016488842749,68.55
0.9994258158638829,68.7
1.007972830418044,68.85
1.0300107431236798,69.0
1.025880838630216,69.14999999999999
0.9976350283897888,69.3
0.9796701450318929,69.45
0.9897091452540233,69.6
1.0009319279075495,69.75
0.9632692945066775,69.89999999999999
1.0102544454743698,70.05
0.9110611062956224,70.2
0.9377318945757954,70.35
0.9388141285996492,70.5
0.9684550126840714,70.64999999999999
0.9417133999250976,70.8
0.9353849711708597,70.95
0.8973657473274735,71.1
0.9016889211874768,71.25
0.9110532655225895,71.39999999999999
0.9043174911070565,71.55
0.9402591088513209,71.7
1.1024332073822312,71.85
0.9939813621913635,72.0
1.080490910500518,72.14999999999999
1.1741728137153709,72.3
1.1166847615058333,72.45
1.0454583587782786,72.6
0.9010555781715556,72.75
0.7603468599252854,72.89999999999999
0.6742857504592563,73.05
0.5782402812073915,73.2
0.5665092751336366,73.35
0.6101282793790006,73.5
0.7055390285640926,73.64999999999999
0.7948394588047901,73.8
0.9137225578399786,73.95
0.9936474416208121,74.1
1.0112536317149268,74.25
1.2429789391861652,74.39999999999999
1.166459799571577,74.55
1.2512691503132078,74.7
1.0116489342499362,74.85
0.810895830504287,75.0
0.5831578003312181,75.14999999999999
0.4739242245684912,75.3
0.386455433368028,75.45
0.3942413563983748,75.6
0.44465008881173856,75.75
0.5364204343072337,75.89999999999999
0.6137930243719015,76.05
0.7535641948973586,76.2
0.8186142361855492,76.35
0.842524982488378,76.5
0.8990143519426791,76.64999999999999
0.9343575973341756,76.8
0.8726678394999261,76.95
0.8993827853478108,77.1
0.8753051548251664,77.25
0.861157844400261,77.39999999999999
0.8932452360797168,77.55
0.9269447501377903,77.7
0.9307125836184342,77.85
0.8689265176105918,78.0
0.9060823946418153,78.14999999999999
0.9209778789525112,78.3
0.8842536044868338,78.45
0.896470124776198,78.6
0.7999218324304312,78.75
0.788265567601277,78.89999999999999
0.7746833996681587,79.05
0.8360281532150062,79.2
0.8026925899893506,79.35
0.778625038747566,79.5
0.6451515940791459,79.64999999999999
0.5050252194074021,79.8
0.3939097947836681,79.95
0.3873855822594266,80.1
0.4609960836103713,80.25
0.6065271849813304,80.39999999999999
0.7238977289367154,80.55
0.7781178476941936,80.7
0.7321130018515264,80.85
0.6251048267988978,81.0
0.4682715212130044,81.14999999999999
0.31671327292215695,81.3
0.2015614725072041,81.45
0.12262834015005143,81.6
0.0831996619853318,81.75
0.07779792889015837,81.89999999999999
0.10617861998881684,82.05
0.20738698160310148,82.2
0.44701702858825837,82.35
0.6509468308519082,82.5
0.8649308407953608,82.64999999999999
0.9627125443043951,82.8
0.9523299765211772,82.95
1.001543251788713,83.1
0.8555294186128025,83.25
1.0210948246315854,83.39999999999999
1.0126373141941327,83.55
0.8981923551168726,83.7
1.02264016964812,83.85
0.941426164024897,84.0
1.0948691354527686,84.14999999999999
1.0112674160897859,84.3
1.1221439371966317,84.45
0.9071694168164439,84.6
0.8368641813660719,84.75
0.7099858373918294,84.89999999999999
0.6370358697825327,85.05
0.5244730870234876,85.2
0.4483140873733518,85.35
0.3777016182215374,85.5
0.3931175786434408,85.64999999999999
0.42171279320768346,85.8
0.5613684572710513,85.95
0.642623766910572,86.1
0.6581547239026876,86.25
0.7816345338993994,86.39999999999999
0.7877838764149562,86.55
0.8459761856914255,86.7
0.8594496567599023,86.85
0.9466643433980343,87.0
0.920608963732243,87.14999999999999
0.9039451308971826,87.3
0.7136005579412705,87.45
0.6488114957586254,87.6
0.560677813903427,87.75
0.583891059816272,87.89999999999999
0.5604499428956715,88.05
0.5994499018891573,88.2
0.6676305616389738,88.35
0.6861086340911297,88.5
0.6366694990778342,88.64999999999999
0.7192890747642304,88.8
0.7784072906770506,88.95
0.7852419610622658,89.1
0.7830274761095969,89.25
0.7475194144430494,89.39999999999999
0.780626706176114,89.55
0.7811584384080369,89.7
0.7501170123711979,89.85
0.7385993833814237,90.0
0.8146555579360575,90.14999999999999
0.7878577955759722,90.3
0.7225919863427579,90.45
0.8494870471185108,90.6
0.8229634420728208,90.75
0.7374832562168947,90.89999999999999
0.7616417928336185,91.05
0.7193885497034462,91.2
0.7877927961703476,91.35
0.6924810176585715,91.5
0.8407797562608663,91.64999999999999
0.7714713454189209,91.8
0.7330626333751797,91.95
0.7038664482351387,92.1
0.8250935914435648,92.25
0.7223001436516446,92.39999999999999
0.7731143124500969,92.55
0.741267352048693,92.7
0.7203902591116441,92.85
0.7051628364575827,93.0
0.6524032309125932,93.14999999999999
0.7801819482699347,93.3
0.687585869357327,93.45
0.7570094572251024,93.6
0.6825711153835559,93.75
0.7503576041385887,93.89999999999999
0.7285770376582098,94.05
0.8747494571511388,94.2
0.697140752781242,94.35
0.7970931277918031,94.5
0.7391361251605026,94.64999999999999
0.739616928486734,94.8
0.7489283515592771,94.95
0.7413488467477404,95.1
0.7513403591327369,95.25
0.6582878502190729,95.39999999999999
0.8066966594519452,95.55
0.7122959865373559,95.7
0.8216251379593686,95.85
0.7151338191531972,96.0
0.7317129503023627,96.14999999999999
0.7206513646785566,96.3
0.7133450233363801,96.45
0.6461048199659234,96.6
0.7574869705774903,96.75
0.7793820351309019,96.89999999999999
0.7122959865373559,97.05
0.7979449712199299,97.2
0.7516995943032522,97.35
0.6808132909997933,97.5
0.714247482390883,97.64999999999999
0.7776649220107209,97.8
0.7000150212522291,97.95
0.7225008000980631,98.1
0.7741480189817762,98.25
0.7143081220925462,98.39999999999999
0.7112827632279145,98.55
0.7565629687515419,98.7
0.6966411296903811,98.85
0.691018297039085,99.0
0.7465991926878801,99.14999999999999
0.739616928486734,99.3
0.7064734035411377,99.45
0.7593640032688993,99.6
0.724829053749157,99.75
0.7588380538395127,99.89999999999999
0.7198335102044179,100.05
0.698597986796253,100.2
0.7151566129893132,100.35
0.7484481833849309,100.5
0.6630054908610938,100.64999999999999
0.7231331315607459,100.8
0.7852729202230013,100.95
0.7074635850004675,101.1
0.7112856376202816,101.25
0.7011821484495391,101.39999999999999
0.7502052967452264,101.55
0.7554932915273633,101.7
0.699523782640824,101.85
0.7536429831173608,102.0
0.6485642403734873,102.14999999999999
0.6489381225057312,102.3
0.7160548044082654,102.45
0.7228984978389945,102.6
0.7333936109622988,102.75
0.7909857870586994,102.89999999999999
0.7490122745031991,103.05
0.6502801668139543,103.2
0.7634553667858953,103.35
0.7509477067370575,103.5
0.7209240671279834,103.64999999999999
0.666623529010404,103.8
0.7207757006628006,103.95
0.7182649473183952,104.1
0.7436168029666581,104.25
0.7754357969783404,104.39999999999999
0.7932387122802372,104.55
0.8092850447335113,104.7
0.6954075182373071,104.85
0.7396530158922757,105.0
0.7102781508814427,105.14999999999999
0.6661896413057438,105.3
0.7688274140403207,105.45
0.6509593876966392,105.6
0.600402747272867,105.75
0.7074105545309268,105.89999999999999
0.7132394249301206,106.05
0.7441898366808196,106.2
0.7224426530122471,106.35
0.7855774666337917,106.5
0.6676064816201595,106.64999999999999
0.713265096723121,106.8
0.7190982674456253,106.95
0.6375663943241189,107.1
0.774403538497175,107.25
0.6862716406151521,107.39999999999999
0.6772028420606601,107.55
0.7348307976659331,107.7
0.7646007652550523,107.85
0.6759828578117699,108.0
0.7414884450021607,108.14999999999999
0.725993986278299,108.3
0.7208778658932277,108.45
0.6413501711453437,108.6
0.7405539668514234,108.75
0.7150747745212468,108.89999999999999
0.6812422105573671,109.05
0.7113475231732801,109.2
0.7320271773000023,109.35
0.7990629197416231,109.5
0.7179046163526107,109.64999999999999
0.7375961172068746,109.8
0.7077123572803588,109.95
0.7279939697115726,110.1
0.6958211133795075,110.25
0.7538546397545965,110.39999999999999
0.7269121832513695,110.55
0.6505575245737254,110.7
0.7405539668514234,110.85
0.6851091168221897,111.0
0.7170509664206275,111.14999999999999
0.6800052351476624,111.3
0.7169759864490552,111.45
0.6209304988495008,111.6
0.6881993699425653,111.75
0.6699631501281591,111.89999999999999
0.7278652977185003,112.05
0.7068027012941372,112.2
0.6975333754174108,112.35
0.6600904421825887,112.5
0.6933519443422135,112.64999999999999
0.658334169375435,112.8
0.7529433118559056,112.95
0.7049957348451722,113.1
0.7094805873810818,113.25
0.6533981271855802,113.39999999999999
0.6331519880332053,113.55
0.7274512202934699,113.7
0.756438273026831,113.85
0.749484130412956,114.0
0.7348307976656129,114.14999999999999
0.714221110825452,114.3
0.697140752781242,114.45
0.7179641243612607,114.6
0.7122959865371947,114.75
0.7278228745274297,114.89999999999999
0.617145336650198,115.05
0.695910287253163,115.19999999999999
0.7013375867444736,115.35
0.7442990154573701,115.5
0.6812447744425967,115.64999999999999
0.712295986537519,115.8
0.7086337963750605,115.94999999999999
0.6616225807836916,116.1
0.6883067434675958,116.25
0.7624310294143326,116.39999999999999
0.7075787945736866,116.55
0.6984380879665902,116.69999999999999
0.6771690611737105,116.85
0.6432468858015918,117.0
0.6726750725766871,117.14999999999999
0.6453438833642838,117.3
0.6797448258621053,117.44999999999999
0.6806797155944446,117.6
0.6681374752425873,117.75
0.7274512202934699,117.89999999999999
0.6183568231401328,118.05
0.6384829309373283,118.19999999999999
0.6776831380869893,118.35
0.7003477957952888,118.5
0.7069403776160225,118.64999999999999
0.6548817004690003,118.8
0.6997048958660941,118.94999999999999
0.6280060843591819,119.1
0.6428927878493992,119.25
0.6107938084556372,119.39999999999999
0.7095315777928596,119.55
0.7064092428466439,119.69999999999999
0.6637504112467059,119.85
0.6842680576237189,120.0
0.6562727066971938,120.14999999999999
0.5962243076058482,120.3
0.6073169190939698,120.44999999999999
0.6072323285229504,120.6
0.6090646841406376,120.75
0.6311252531163256,120.89999999999999
0.742502793080139,121.05
0.6068965804147443,121.19999999999999
0.6374633342553723,121.35
0.6470474992208088,121.5
0.676077546543931,121.64999999999999
0.5896799888546883,121.8
0.734156732927398,121.94999999999999
0.685151987050387,122.1
0.5935799887811299,122.25
0.6157913690066386,122.39999999999999
0.7167984896128133,122.55
0.6514379660266638,122.69999999999999
0.5743759303207067,122.85
0.6630760552643918,123.0
0.663958358769776,123.14999999999999
0.7104410490722634,123.3
0.680194949385246,123.44999999999999
0.701999986731801,123.6
0.6995438844765849,123.75
0.6809370437341175,123.89999999999999
0.7113475231729701,124.05
0.6283867734634313,124.19999999999999
0.623710952678797,124.35
0.6954258184353086,124.5
0.5997310767476229,124.64999999999999
0.6786370446449348,124.8
0.5957703208427666,124.94999999999999
0.6376569504318892,125.1
0.7284198637295901,125.25
0.6406449109685095,125.39999999999999
0.6281392134626222,125.55
0.7033922867057845,125.69999999999999
0.6651652907989292,125.85
0.6964280066393906,126.0
0.6448542134928119,126.14999999999999
0.5728967719881402,126.3
0.6825770422810636,126.44999999999999
0.6347922781573421,126.6
0.6339524330243977,126.75
0.6297629503140306,126.89999999999999
0.7641850981395691,127.05
0.6473844446293344,127.19999999999999
0.632750241847905,127.35
0.5735812364708023,127.5
0.5512326860748583,127.64999999999999
0.599741718768343,127.8
0.6097685339298532,127.94999999999999
0.643141036388098,128.1
0.6542190955488382,128.25
0.7086243577407716,128.4
0.668122592023261,128.54999999999998
0.6804021363938922,128.7
0.6306425441783375,128.85
0.5774438337460206,129.0
0.6059196444618846,129.15
0.6373174616388327,129.29999999999998
0.7407878259986896,129.45
0.6117879638974012,129.6
0.6554544115516862,129.75
0.6244319307129875,129.9
0.6069690110844637,130.04999999999998
0.6344540044599674,130.2
0.5527795904391898,130.35
0.6054107926811015,130.5
0.6057180334396424,130.65
0.6145995295309854,130.79999999999998
0.6127095808364976,130.95
0.6950116650249553,131.1
0.7315969100435294,131.25
0.6355363958674943,131.4
0.6247608171077446,131.54999999999998
0.6818874903459387,131.7
0.6130949473165329,131.85
0.6027119886082521,132.0
0.6648095874351427,132.15
0.650284335944692,132.29999999999998
0.6308156338338208,132.45
0.579605419902397,132.6
0.5595425348788595,132.75
0.6206656775897306,132.9
0.520801339988074,133.04999999999998
0.5656703785098502,133.2
0.581988191020421,133.35
0.6262128222874428,133.5
0.578029330928202,133.65
0.5434773951336129,133.79999999999998
0.6077387775040826,133.95
0.6316001449254076,134.1
0.6311890027263194,134.25
0.5873702288984965,134.4
0.5421717218957512,134.54999999999998
0.6265566548242566,134.7
0.5221553741147726,134.85
0.5860361628368842,135.0
0.5986230334616667,135.15
0.5867746131135756,135.29999999999998
0.5560841699727447,135.45
0.6740519067233999,135.6
0.5667398501579832,135.75
0.5876052230295952,135.9
0.6193175092934146,136.04999999999998
0.5422539303452698,136.2
0.5779151733738198,136.35
0.611211077556807,136.5
0.5701491997504236,136.65
0.6233591423238993,136.79999999999998
0.5688643715009559,136.95
0.5664227343923239,137.1
0.6062093502448189,137.25
0.5892768502697102,137.4
0.530580002888967,137.54999999999998
0.587508550375625,137.7
0.5704372494925084,137.85
0.532454993243893,138.0
0.6154717691892854,138.15
0.6080575494832378,138.29999999999998
0.5879512130255723,138.45
0.6121973652110952,138.6
0.5083725387789121,138.75
0.5192438032701012,138.9
0.6256455469379663,139.04999999999998
0.49825630585360225,139.2
0.493023225863555,139.35
0.5144748244271453,139.5
0.48457310608303394,139.65
0.5477044852235288,139.79999999999998
0.5333650409296886,139.95
0.517389124549638,140.1
0.5386779657224119,140.25
0.4969506882819845,140.4
0.5036306161592188,140.54999999999998
0.5352131253201687,140.7
0.5122584039804859,140.85
0.48753910232002395,141.0
0.4702536610149534,141.15
0.5352593141553689,141.29999999999998
0.5357794884157406,141.45
0.5547083788965769,141.6
0.5372064702934282,141.75
0.5246251876890741,141.9
0.5324795828909392,142.04999999999998
0.5226084683834916,142.2
0.4850808963509777,142.35
0.5634144483676626,142.5
0.5684669892556625,142.65
0.5271795154597414,142.79999999999998
0.5021752780782843,142.95
0.514862329152483,143.1
0.4835393908610478,143.25
0.5732592324084426,143.4
0.5437052204928965,143.54999999999998
0.5054107974651024,143.7
0.543339676250944,143.85
0.4987476828813009,144.0
0.5406221124034938,144.15
0.5749950562251674,144.29999999999998
0.5647702487399918,144.45
0.4823525697329809,144.6
0.5786035090641907,144.75
0.535505736531569,144.9
0.5945860565587251,145.04999999999998
0.4766799145087468,145.2
0.5817214203995891,145.35
0.5430446651658746,145.5
0.563210780052793,145.65
0.5865966947954696,145.79999999999998
0.5190267974768845,145.95
0.6246051199442041,146.1
0.5732592324084426,146.25
0.5785460851351449,146.4
0.5314767587114458,146.54999999999998
0.5913400642951634,146.7
0.6133450064348889,146.85
0.5603984987252829,147.0
0.5790661207167676,147.15
0.5467983519988746,147.29999999999998
0.5376391881326738,147.45
0.6418491307258528,147.6
0.569549862347442,147.75
0.59788575035766,147.9
0.5595591717888648,148.04999999999998
0.5907193623292896,148.2
0.5976903186421064,148.35
0.5643575893334436,148.5
0.509329925857461,148.65
0.4970746547771292,148.79999999999998
0.5144359902769793,148.95
0.5006287317734308,149.1
0.44294036137625986,149.25
0.4853389320031091,149.4
0.4859849275831369,149.54999999999998
0.44439958101519367,149.7
0.40974179803779703,149.85
0.4836506939964026,150.0
0.45496850365390007,150.15
0.46073334759572404,150.29999999999998
0.44545077367063696,150.45
0.4408171388382127,150.6
0.46153581164569657,150.75
0.4259756467557871,150.9
0.45369171117010504,151.04999999999998
0.4339960314012831,151.2
0.4359594712783788,151.35
0.46765758860528994,151.5
0.4835875307960352,151.65
0.458221561432819,151.79999999999998
0.4712935850773483,151.95
0.43646130434810987,152.1
0.46693070239202966,152.25
0.4631900943383282,152.4
0.5187495257401998,152.54999999999998
0.4857304439090354,152.7
0.4668278311766111,152.85
0.49969597768367435,153.0
0.5142484452567353,153.15
0.46369072064775607,153.29999999999998
0.49312799067988705,153.45
0.44303952174661654,153.6
0.4859589440865961,153.75
0.4523895120601888,153.9
0.4677124248950108,154.04999999999998
0.4290437813646062,154.2
0.46517288916725286,154.35
0.4583109978737936,154.5
0.46309934259852387,154.65
0.4940289054608866,154.79999999999998
0.46070007292526005,154.95
0.46309934259869867,155.1
0.45036842774424096,155.25
0.5221355195432202,155.4
0.48451720741799537,155.54999999999998
0.5003287518728282,155.7
0.49690263890414793,155.85
0.4686157806167716,156.0
0.48300249459695255,156.15
0.4902888074386159,156.29999999999998
0.45654579552542696,156.45
0.4789867249643467,156.6
0.4877679038245841,156.75
0.44297531425534836,156.9
0.46724002786615826,157.04999999999998
0.5561004436106318,157.2
0.4881322495978298,157.35
0.5019881610675435,157.5
0.4793019722492544,157.65
0.46558205218529847,157.79999999999998
0.5165122032370462,157.95
0.46296534888077195,158.1
0.5147408593005827,158.25
0.5072990602507033,158.4
0.4456235974887921,158.54999999999998
0.5194940653696124,158.7
0.4431112523311028,158.85
0.4680954870266249,159.0
0.48419537949491037,159.15
0.4946794779825506,159.29999999999998
0.4312019999042128,159.45
0.39851108392034207,159.6
0.45180155026711166,159.75
0.373273853592687,159.9
0.3951561884351866,160.04999999999998
0.4696773697637567,160.2
0.5646934710870679,160.35
0.6464321305883881,160.5
0.6694473249268285,160.65
0.6763671237244426,160.79999999999998
0.5502533059987995,160.95
0.45147910822621923,161.1
0.40053211144662015,161.25
0.3710288286420751,161.4
0.4104625020460997,161.54999999999998
0.3699357357120753,161.7
0.44036393410320673,161.85
0.4748639910249878,162.0
0.47730097631600216,162.15
0.5197981309782316,162.29999999999998
0.4993874835191478,162.45
0.5175523587172494,162.6
0.45762346727823533,162.75
0.49381396249781984,162.9
0.48308350935865585,163.04999999999998
0.4679236711563471,163.2
0.5005625128919514,163.35
0.5040518486291798,163.5
0.49625770260777685,163.65
0.47109821790010975,163.79999999999998
0.530080734167528,163.95
0.5470820491329965,164.1
0.5032649474261934,164.25
0.5962228204317735,164.4
0.5451244794928745,164.54999999999998
0.5258476138412423,164.7
0.5627074638954626,164.85
0.5732474145798946,165.0
0.5943752155603582,165.15
0.5587394242221321,165.29999999999998
0.546615418240312,165.45
0.6346523481944214,165.6
0.5921575851214852,165.75
0.6184685003700976,165.9
0.5967012616140381,166.04999999999998
0.5953130690401325,166.2
0.635850980961714,166.35
0.6378163681726304,166.5
0.566860433730915,166.65
0.6025621472255547,166.79999999999998
0.5901138282629125,166.95
0.6122322250275947,167.1
0.5728884955014337,167.25
0.5703624689243166,167.4
0.5879047849860678,167.54999999999998
0.5971973737543114,167.7
0.5901308829421326,167.85
0.5822362652488577,168.0
0.6434547570692486,168.15
0.6750207446158006,168.29999999999998
0.5799344717979902,168.45
0.6528810768261862,168.6
0.6598261510001779,168.75
0.5996879213125862,168.9
0.5711744342753532,169.04999999999998
0.5679481256291072,169.2
0.5735030185725705,169.35
0.6345652737208949,169.5
0.5725502977498053,169.65
0.5769008816580337,169.79999999999998
0.5509322511990029,169.95
0.6536849905488362,170.1
0.5706026988933497,170.25
0.5896265540313202,170.4
0.6148654819096485,170.54999999999998
0.5964646765770756,170.7
0.5882772687353948,170.85
0.623258988220295,171.0
0.6039031190206867,171.15
0.6614177017848,171.29999999999998
0.585931032173712,171.45
0.6435470206725564,171.6
0.5998969868267673,171.75
0.5638442417332034,171.9
0.5708842833281618,172.04999999999998
0.6068658946665754,172.2
0.640130914730897,172.35
0.6253958761796821,172.5
0.6363659575158437,172.65
0.6429209675978449,172.79999999999998
0.5848461142868027,172.95
0.6095866401638829,173.1
0.616285234253314,173.25
0.6349456197275701,173.4
0.6178010935383471,173.54999999999998
0.6141633623377389,173.7
0.6470314281650823,173.85
0.5483096216366523,174.0
0.5988730587447834,174.15
0.7168745649634297,174.29999999999998
0.6817399146647021,174.45
0.5583346168652782,174.6
0.5690482696874851,174.75
0.5703698451599407,174.9
0.622589537105348,175.04999999999998
0.618396327295253,175.2
0.6613218858057595,175.35
0.611117579358644,175.5
0.5976588386134118,175.65
0.6643594793867214,175.79999999999998
0.6313060638698431,175.95
0.625115607405615,176.1
0.6313532607942541,176.25
0.6521465476743049,176.4
0.5631509785257138,176.54999999999998
0.6866837887707066,176.7
0.5781707824912293,176.85
0.7047548355730529,177.0
0.6732751293360371,177.15
0.6403748383822407,177.29999999999998
0.6227724472457756,177.45
0.6827289833225978,177.6
0.6849500711492673,177.75
0.5883907970862694,177.9
0.6929095286068109,178.04999999999998
0.6422340862221001,178.2
0.5790277051853128,178.35
0.6831830715562651,178.5
0.5892742272043787,178.65
0.6552860961705206,178.79999999999998
0.6444868488133695,178.95
0.6210089557716331,179.1
0.6247547468123998,179.25
0.659509184241358,179.4
0.6441633269557243,179.54999999999998
0.6509811305532645,179.7
0.6840667446746924,179.85
0.6454788408975686,180.0
0.6617877256734804,180.15
0.6539316457903448,180.29999999999998
0.6800087494047653,180.45
0.7116419039050902,180.6
0.6100206919540252,180.75
0.7374982653906329,180.9
0.6178651753282771,181.04999999999998
0.5953878466147842,181.2
0.6528325560453081,181.35
0.5982538469601015,181.5
0.7505357164789578,181.65
0.6334323919251598,181.79999999999998
0.6544735647933633,181.95
0.6279124898745967,182.1
0.6573117349445902,182.25
0.6261666395336912,182.4
0.6378399600700365,182.54999999999998
0.6673088715979503,182.7
0.6675444062312424,182.85
0.5943987198003391,183.0
0.6209453696553647,183.15
0.5779352448908749,183.29999999999998
0.6496833715325642,183.45
0.6923367294714087,183.6
0.583381700400361,183.75
0.6426353217746718,183.9
0.5859597051414706,184.04999999999998
0.6483246716841595,184.2
0.5953518693444626,184.35
0.5972596037197405,184.5
0.631133008479627,184.65
0.656244401389957,184.79999999999998
0.6496630635831088,184.95
0.6629167153734868,185.1
0.6575039875729439,185.25
0.5595815105506559,185.4
0.6548334531693429,185.54999999999998
0.6575964635206615,185.7
0.6444015530380732,185.85
0.6293894044978575,186.0
0.658708207330502,186.15
0.6494085931309356,186.29999999999998
0.6159467709671793,186.45
0.6719325473002391,186.6
0.6419457656448803,186.75
0.58352586519256,186.9
0.6330195294582055,187.04999999999998
0.6449244178836471,187.2
0.6473250555474639,187.35
0.6778108719975388,187.5
0.6575039875727493,187.65
0.6164686772946408,187.79999999999998
0.6517364087346791,187.95
0.6538541549854555,188.1
0.6312216466061801,188.25
0.647219110690823,188.4
0.6748673372851909,188.54999999999998
0.6334060618648661,188.7
0.5846525457499548,188.85
0.6118295161695945,189.0
0.618817388150821,189.15
0.6356060655062022,189.29999999999998
0.6377400459176913,189.45
0.6853830399424523,189.6
0.6062093502445582,189.75
0.6242594039318021,189.9
0.5742886391455613,190.04999999999998
0.6299057206625258,190.2
0.6538328318634355,190.35
0.5965040281345404,190.5
0.6127636043437023,190.65
0.6974934930514455,190.79999999999998
0.6876124622516961,190.95
0.5934911959628012,191.1
0.5998281991893524,191.25
0.6494107721061153,191.4
0.651372189127686,191.54999999999998
0.6300634417501164,191.7
0.5505615945709551,191.85
0.6450982519585511,192.0
0.6076775135146818,192.15
0.6083708344031217,192.29999999999998
0.6970157095983397,192.45
0.6345393728672627,192.6
0.6072569470482445,192.75
0.5887012491474011,192.9
0.6371059992396041,193.04999999999998
0.6378933335658014,193.2
0.6174328566903107,193.35
0.5972327887123594,193.5
0.6285295287678614,193.65
0.6001969460331164,193.79999999999998
0.5915223641023489,193.95
0.6405659457383304,194.1
0.6063703314838605,194.25
0.648482544643803,194.4
0.6640528320707751,194.54999999999998
0.6665724235963528,194.7
0.5879441604038178,194.85
0.6108561689992605,195.0
0.5637924341136085,195.15
0.6370573202647131,195.29999999999998
0.6441633269555219,195.45
0.6237921438986452,195.6
0.6471332622172711,195.75
0.6833408651332091,195.9
0.6164204050793876,196.04999999999998
0.6099034384724291,196.2
0.6257756948191815,196.35
0.5672583422196191,196.5
0.6869801356429339,196.65
0.6363324269220892,196.79999999999998
0.6196349763173197,196.95
0.65121087896321,197.1
0.6243582104212737,197.25
0.5827876253490148,197.4
0.5797398181517179,197.54999999999998
0.6297186657348571,197.7
0.6096226911804451,197.85
0.5919971088109607,198.0
0.5993257369972663,198.15
0.5576351750353428,198.29999999999998
0.6342215015267668,198.45
0.6174636806368955,198.6
0.6278757214665206,198.75
0.619045881044387,198.9
0.6260241123913464,199.04999999999998
0.6393923033057084,199.2
0.6320751989379987,199.35
0.5416147195520754,199.5
0.5925869272026754,199.65
0.6015173956081081,199.79999999999998
0.602033449921486,199.95
0.5744322472077901,200.1
0.6103893335962567,200.25
0.6428583274722105,200.4
0.5826444694595295,200.54999999999998
0.5891324153779912,200.7
0.5917373901466768,200.85
0.623654708212276,201.0
0.5959702437695972,201.15
0.602552709541775,201.29999999999998
0.5690209885296507,201.45
0.563375138891346,201.6
0.5983286286913789,201.75
0.5957574648953433,201.9
0.6227258325416405,202.04999999999998
0.5720642962239487,202.2
0.5667840921448078,202.35
0.5471259027027755,202.5
0.6053446372072478,202.65
0.5220251408185529,202.79999999999998
0.5749983543498051,202.95
0.5967468899470252,203.1
0.6062965119051018,203.25
0.5702515176061562,203.4
0.5929720795022878,203.54999999999998
0.5895602597374654,203.7
0.5714932915241576,203.85
0.5786731388360338,204.0
0.5873861106372424,204.15
0.5989058873780926,204.29999999999998
0.5360259232987339,204.45
0.530544945724641,204.6
0.5282552513709654,204.75
0.5436494367835728,204.9
0.5422573521966454,205.04999999999998
0.5667510304435254,205.2
0.5128128106753267,205.35
0.5741977850660823,205.5
0.5253004469853093,205.65
0.5289025675282836,205.79999999999998
0.5008019401144995,205.95
0.5119314333625365,206.1
0.5432257313056316,206.25
0.49385855066621054,206.4
0.5865329204209055,206.54999999999998
0.5475030033507199,206.7
0.5328626464172587,206.85
0.5845698505027175,207.0
0.6045829349146338,207.15
0.5966555327647535,207.29999999999998
0.6774375495227399,207.45
0.6470314281648529,207.6
0.7067743122233707,207.75
0.6753621205687523,207.9
0.6916829194029591,208.04999999999998
0.7297076662078811,208.2
0.8128748179698488,208.35
0.8431617103275325,208.5
0.8865404348574474,208.65
0.7726880968940465,208.79999999999998
0.8359029055497471,208.95
0.8194081649638801,209.1
0.7826462074295031,209.25
0.8014455474312647,209.4
0.8175754199674435,209.54999999999998
0.8446695769559498,209.7
0.8073291232418316,209.85
0.7533182684842288,210.0
0.7471109819161746,210.15
0.8204456389435514,210.29999999999998
0.7979926576218622,210.45
0.7489385655187211,210.6
0.7104881287030615,210.75
0.7933470693428114,210.9
0.8191876817283754,211.04999999999998
0.7383446417822918,211.2
0.7645493600672731,211.35
0.7784750757515225,211.5
0.76548075353199,211.65
0.7695261955915114,211.79999999999998
0.7085172279879317,211.95
0.7530799111994367,212.1
0.7486376185035476,212.25
0.741251107940998,212.4
0.7953677269036213,212.54999999999998
0.8056963874205997,212.7
0.7914399850411986,212.85
0.7515409444734588,213.0
0.802640604322157,213.15
0.6893778402523703,213.29999999999998
0.7480047563113036,213.45
0.7074766632185868,213.6
0.6640818265292289,213.75
0.7999045838116927,213.9
0.6879279659451353,214.04999999999998
0.8329018192795711,214.2
0.7225114439715506,214.35
0.7906013731366727,214.5
0.7331582120849622,214.65
0.7943670746021153,214.79999999999998
0.740864007387629,214.95
0.8696068971448505,215.1
0.673200758360451,215.25
0.7591318870218445,215.4
0.7226738088576136,215.54999999999998
0.7372551450952687,215.7
0.7791645893548318,215.85
0.8067945981608802,216.0
0.7538381422247875,216.15
0.6806383871353723,216.29999999999998
0.8101008446055921,216.45
0.6698412588630982,216.6
0.7085470602918098,216.75
0.7161989782448883,216.9
0.6979269032351141,217.04999999999998
0.7608175115061578,217.2
0.7967703275469106,217.35
0.7349554715857791,217.5
0.635877476723877,217.65
0.7350815326990288,217.79999999999998
0.7756828088685589,217.95
0.7245417628107048,218.1
0.712295986537192,218.25
0.7432653772563714,218.4
0.7740557541558654,218.54999999999998
0.7181665578554512,218.7
0.662736511348377,218.85
0.6979681937045407,219.0
0.7981756444888335,219.15
0.6595333208676142,219.29999999999998
0.7707836335262727,219.45
0.7677079798321765,219.6
0.6792619697705748,219.75
0.7243687998688264,219.9
0.7447206202854105,220.04999999999998
0.7877642115262433,220.2
0.7400200818215698,220.35
0.6888780362948724,220.5
0.6878804758211234,220.65
0.7132866624580834,220.79999999999998
0.6428520881280972,220.95
0.6667881873973076,221.1
0.6996286160518987,221.25
0.6583925064747549,221.4
0.6299606977714105,221.54999999999998
0.7040666362431512,221.7
0.622913437127708,221.85
0.5498425159230284,222.0
0.49449928118735836,222.15
0.4682225366048589,222.29999999999998
0.46544858430620634,222.45
0.5286621416582046,222.6
0.5325473128189552,222.75
0.6286226628176063,222.9
0.677748107019222,223.04999999999998
0.8094048511377088,223.2
0.7716539854157,223.35
0.7510942316138675,223.5
0.6888027154026847,223.65
0.6091507754464781,223.79999999999998
0.5654118271049183,223.95
0.5163821541748344,224.1
0.4626879912548135,224.25
0.5803304354605123,224.4
0.5414168988577928,224.54999999999998
0.5608037093471578,224.7
0.6218151450047043,224.85
0.6209256048156911,225.0
0.6435006832313706,225.15
0.7792231262120068,225.29999999999998
0.6951460029136085,225.45
0.6931057618595158,225.6
0.7272071746615139,225.75
0.6690306006882478,225.9
0.7022636486989838,226.04999999999998
0.6983714033415387,226.2
0.7494299005276389,226.35
0.7452410959629,226.5
0.6425819112589015,226.65
0.7074831758179022,226.79999999999998
0.7518014782276631,226.95
0.704292660845925,227.1
0.6619084890968528,227.25
0.7066157952573394,227.4
0.7291408240574103,227.54999999999998
0.6830235487342737,227.7
0.7067224655157547,227.85
0.610829321788279,228.0
0.5926979977131045,228.15
0.6909831932390211,228.29999999999998
0.7476258674703539,228.45
0.6538742336981462,228.6
0.6904322971282933,228.75
0.6420696216674757,228.9
0.631281524257971,229.04999999999998
0.7549334223510068,229.2
0.6608706234540138,229.35
0.7607768652022021,229.5
0.6648095874346762,229.65
0.6516070908234108,229.79999999999998
0.6719325473004332,229.95
0.6915257776672848,230.1
0.7208778658936285,230.25
0.6706928581197178,230.39999999999998
0.7491593848395384,230.54999999999998
0.7061235776414814,230.7
0.6842911870668554,230.85
0.729349113286869,231.0
0.6913461045803748,231.14999999999998
0.8189961950470004,231.29999999999998
0.6036406665570813,231.45
0.8266491139694018,231.6
0.7892631363592061,231.75
0.6656971836797719,231.89999999999998
0.7406683633600867,232.04999999999998
0.7263729823191868,232.2
0.7504782113238012,232.35
0.8001132999467545,232.5
0.7795455112769798,232.64999999999998
0.8577543248407739,232.79999999999998
0.7334010528059918,232.95
0.6894109749209966,233.1
0.7407878259986285,233.25
0.821770619199483,233.39999999999998
0.7630762399128515,233.54999999999998
0.6692527592800318,233.7
0.7442766226680797,233.85
0.7411523271428505,234.0
0.8322776132670324,234.14999999999998
0.677484528548907,234.29999999999998
0.8965104658147601,234.45
0.7773251318053447,234.6
0.7829818477958995,234.75
0.6922716013741227,234.89999999999998
0.6970225833179374,235.04999999999998
0.729366260724272,235.2
0.6762134506337443,235.35
0.811015046505468,235.5
0.8242922108351942,235.64999999999998
0.6299988406824423,235.79999999999998
0.6538654563923956,235.95
0.6727996507626611,236.1
0.7051010775831387,236.25
0.8228246741029955,236.39999999999998
0.7080477003362696,236.54999999999998
0.7406743126939908,236.7
0.7329850815820094,236.85
0.7934436305732573,237.0
0.6621342973448187,237.14999999999998
0.7389092431767015,237.29999999999998
0.7543862039228605,237.45
0.7699717749216545,237.6
0.6283261344651692,237.75
0.7773458483229183,237.89999999999998
0.7918080966621854,238.04999999999998
0.725246822656217,238.2
0.8304328818657867,238.35
0.7738914266146075,238.5
0.8044032261753054,238.64999999999998
0.7827068541723506,238.79999999999998
0.8657384326168317,238.95
0.856032844807226,239.1
0.7281247862392208,239.25
0.7462148430383428,239.39999999999998
0.7675603303204267,239.54999999999998
0.7172310626560147,239.7
0.7735341030269929,239.85
0.7016191730346547,240.0
0.7301439497538191,240.14999999999998
0.8085522009340099,240.29999999999998
0.6939536006176892,240.45
0.6908114208189421,240.6
0.7202280131132365,240.75
0.693044743657968,240.89999999999998
0.6935513553126886,241.04999999999998
0.6883934366540729,241.2
0.7595722688294008,241.35
0.7737294399214253,241.5
0.7478261901416335,241.64999999999998
0.6979544566068132,241.79999999999998
0.7998311559664063,241.95
0.7039552841197037,242.1
0.7740171844334902,242.25
0.7056699773610764,242.39999999999998
0.7521335696759873,242.54999999999998
0.677265036380599,242.7
0.773444365892071,242.85
0.6807490780429658,243.0
0.9058751068901182,243.14999999999998
0.7853519851556764,243.29999999999998
0.7034585673492587,243.45
0.6051364133414705,243.6
0.6994037514861159,243.75
0.6513337174200805,243.89999999999998
0.6533589663746906,244.04999999999998
0.6877340559676375,244.2
0.642596379261984,244.35
0.6459963601043666,244.5
0.7627736548764822,244.64999999999998
0.7051372329041071,244.79999999999998
0.7713464310180416,244.95
0.7301033861993347,245.1
0.6331519880337932,245.25
0.6493488993544435,245.39999999999998
0.6751788259488496,245.54999999999998
0.7122959865367908,245.7
0.7477335978081607,245.85
0.7611295175292787,246.0
0.7281247862384735,246.14999999999998
0.7122959865358786,246.29999999999998
0.8714259409784102,246.45
0.6566478625882155,246.6
0.6268204681525628,246.75
0.773990914506075,246.89999999999998
0.6762520932429751,247.04999999999998
0.7301033862010808,247.2
0.7261269765666424,247.35
0.6551599448358759,247.5
0.6594027202106127,247.64999999999998
0.7948532033061503,247.79999999999998
0.7844506449132626,247.95
0.6950165690744994,248.1
0.6429915121706152,248.25
0.6170881071501402,248.39999999999998
0.7714948486892541,248.54999999999998
0.5965930851705864,248.7
0.7458390108338064,248.85
0.7872745114356846,249.0
0.652937987660213,249.14999999999998
0.6979061686263345,249.29999999999998
0.7140901829784628,249.45
0.8195233393488052,249.6
0.7276969808405517,249.75
0.6821989730223489,249.89999999999998
0.6797338842946504,250.04999999999998
0.6657640879199227,250.2
0.6937466118882488,250.35
0.7633200543398907,250.5
0.7389814269558529,250.64999999999998
0.6665871531763587,250.79999999999998
0.8861301261086261,250.95
0.6731588444211981,251.1
0.5857075751358914,251.25
0.6703962226233938,251.39999999999998
0.6732941890036103,251.54999999999998
0.741625821276787,251.7
0.7581161961976537,251.85
0.712295986538664,252.0
0.7361718296611879,252.14999999999998
0.7202103863871242,252.29999999999998
0.7045113309471018,252.45
0.6468810489988049,252.6
0.7104742576712337,252.75
0.7711466520917244,252.89999999999998
0.6454585615268361,253.04999999999998
0.7081305129318743,253.2
0.5901344057318747,253.35
0.7085272247038249,253.5
0.7472552987611195,253.64999999999998
0.8109875991295304,253.79999999999998
0.6645443002887164,253.95
0.7686947889911432,254.1
0.8424057797427886,254.25
0.5859208921520089,254.39999999999998
0.6433641168724505,254.54999999999998
0.7065361807169267,254.7
0.6205756814212678,254.85
0.7042474443175815,255.0
0.7347465763702444,255.14999999999998
0.7667656796258491,255.29999999999998
0.7122959865356339,255.45
0.6907112596725876,255.6
0.7603394108492597,255.75
0.6557645590350071,255.89999999999998
0.7815159726902539,256.05
0.751984032708059,256.2
0.6344821392688953,256.34999999999997
0.8377317577511154,256.5
0.6490261424599711,256.65
0.6420696216694434,256.8
0.6496765591481772,256.95
0.6414829352448493,257.09999999999997
0.7863007643586629,257.25
0.6230109742976216,257.4
0.8759913374814465,257.55
0.7452345292663977,257.7
0.6598110191089003,257.84999999999997
0.8302257856329447,258.0
0.695436909932577,258.15
0.6718971096889685,258.3
0.7855226767410428,258.45
0.647541805944462,258.59999999999997
0.7059172165093582,258.75
0.7774891785235476,258.9
0.722053465804991,259.05
0.672942617115081,259.2
0.8105437088203777,259.34999999999997
0.6415381070800027,259.5
0.6014943886304362,259.65
0.7367048832730062,259.8
0.7033362885931237,259.95
0.7143138221929394,260.09999999999997
0.7373287528381347,260.25
0.6356565449467884,260.4
0.7166392547475946,260.55
0.691944672637619,260.7
0.7644152050637697,260.84999999999997
0.7146161689046855,261.0
0.6130597035835955,261.15
0.7887841461651377,261.3
0.6894526750150709,261.45
0.8063728149486823,261.59999999999997
0.6611130413959014,261.75
0.6855848870429326,261.9
0.6604068749360679,262.05
0.5168873530621627,262.2
0.7488239858462177,262.34999999999997
0.5353012262469609,262.5
0.7397881123335346,262.65
0.8314533077057479,262.8
0.6777185114615968,262.95
0.7386773193720728,263.09999999999997
0.7502851058185721,263.25
0.7531282405434235,263.4
0.7213123914309707,263.55
0.6931596764509302,263.7
0.6970480602207545,263.84999999999997
0.7146313832141459,264.0
0.6564734170584119,264.15
0.6232589882205694,264.3
0.6748067240880214,264.45
0.6315691080635103,264.59999999999997
0.6412815830446611,264.75
0.7937012421432883,264.9
0.7301672120056178,265.05
0.7146942895219383,265.2
0.6513759350583361,265.34999999999997
0.8391432170166111,265.5
0.616157877924595,265.65
0.6628010992546006,265.8
0.6214095550210654,265.95
0.6891694934675833,266.09999999999997
0.6871022378173851,266.25
0.6450106979064122,266.4
0.6352910150205905,266.55
0.8928780676321533,266.7
0.7279263059907888,266.84999999999997
0.7560109026782175,267.0
0.7793963330964881,267.15
0.7416923288374193,267.3
0.695730963595787,267.45
0.7247924073525753,267.59999999999997
0.8950038789961916,267.75
0.632673776560826,267.9
0.674558450827924,268.05
0.6064141506999353,268.2
0.7338807134017323,268.34999999999997
0.7270331448795081,268.5
0.62293985919396,268.65
0.7783853048754734,268.8
0.7601010863053543,268.95
0.761019816235351,269.09999999999997
0.6599547479103822,269.25
0.6295777429390939,269.4
0.6443384189171841,269.55
0.6232589882198035,269.7
0.6428664138427993,269.84999999999997
0.6828216698534529,270.0
0.8177260784070858,270.15
0.7810693921344676,270.3
0.7204832967274405,270.45
0.6446729498404031,270.59999999999997
0.7514331286547931,270.75
0.7884192217411544,270.9
0.6717221645190369,271.05
0.6957309635934664,271.2
0.7574415068120801,271.34999999999997
0.6009997386412579,271.5
0.8233383266439399,271.65
0.7825223514055965,271.8
0.8140525560435677,271.95
0.7076404572143432,272.09999999999997
0.7611538339885362,272.25
0.8019925181753933,272.4
0.816465755319959,272.55
0.7714396966116953,272.7
0.6977593337500874,272.84999999999997
0.4929540478254831,273.0
0.78073723791366,273.15
0.6923716232771627,273.3
0.8297623422119375,273.45
0.8119178028358798,273.59999999999997
0.7253257911694918,273.75
0.6505362189178371,273.9
0.5397294330975934,274.05
0.40748464094730813,274.2
0.3512692536352591,274.34999999999997
0.2768437842409253,274.5
0.24425755595851467,274.65
0.19158674919628627,274.8
0.12922008436911211,274.95
0.09893794112467921,275.09999999999997
0.07675421524565731,275.25
0.09185449076935431,275.4
0.1179156651870829,275.55
0.18968396335698404,275.7
0.29087633120989376,275.84999999999997
0.47148003034115765,276.0
0.6424543609917276,276.15
0.8260373106691702,276.3
0.9246481078865207,276.45
0.9038989370232383,276.59999999999997
0.8284430004957246,276.75
0.6787364161686644,276.9
0.5045691393621153,277.05
0.34730744024431254,277.2
0.22850970758087757,277.34999999999997
0.1608208825369049,277.5
0.12224352115535551,277.65
0.11261801754356869,277.8
0.1261320979602633,277.95
0.16788782039705374,278.09999999999997
0.2087650909848202,278.25
0.23970562611227517,278.4
0.3871713376304667,278.55
0.44782162251551305,278.7
0.5960458997140973,278.84999999999997
0.6507395432563499,279.0
0.7770501671308143,279.15
0.8632285933496714,279.3
0.8715858063110413,279.45
0.8446197468831605,279.59999999999997
0.7718698326845399,279.75
0.7530882677046935,279.9
0.7364416132006257,280.05
0.8238604181636888,280.2
0.8101687175106215,280.34999999999997
0.8057118536251765,280.5
0.7236927223224193,280.65
0.712295986536432,280.8
0.8329267584495321,280.95
0.8200382366032973,281.09999999999997
0.7184364691804211,281.25
0.8060191426612028,281.4
0.8116861241932799,281.55
0.8595639331215199,281.7
0.6700649991927837,281.84999999999997
0.8521531893739893,282.0
0.6622126749844028,282.15
0.7215465837636019,282.3
0.75700075556641,282.45
0.757378011002728,282.59999999999997
0.7853519851570694,282.75
0.7246837428244559,282.9
0.6313532607949155,283.05
0.9679045941464549,283.2
0.7601577721935561,283.34999999999997
0.7267149336341965,283.5
0.7370714991110499,283.65
0.9687225416896399,283.8
0.7743632716717994,283.95
0.8194555597332414,284.09999999999997
0.8074876160751427,284.25
0.7445398377802668,284.4
0.6475418059421689,284.55
0.7520378226975915,284.7
0.7914399850395166,284.84999999999997
0.7927645707910171,285.0
0.6717588165718154,285.15
0.7429983997516784,285.3
0.6714265446863747,285.45
0.5403624725451344,285.59999999999997
0.808878493186489,285.75
0.6831686413633987,285.9
0.7880721553179257,286.05
0.7629331419778485,286.2
0.8074876160740698,286.34999999999997
0.7706809034666474,286.5
0.6826169871007247,286.65
0.7848446518322884,286.8
0.7888236545114816,286.95
0.7534508657589969,287.09999999999997
0.7407878259993675,287.25
0.8547551838448271,287.4
0.7921497966872837,287.55
0.6854731251201184,287.7
0.5819609762327944,287.84999999999997
0.7151566129897807,288.0
0.658952234244171,288.15
0.8027462705402517,288.3
0.7832172319496623,288.45
0.6614177017860735,288.59999999999997
0.8194555597311809,288.75
0.7001199867679841,288.9
0.7545269738823882,289.05
0.6962291597724801,289.2
0.7645745910533251,289.34999999999997
0.6722100652175758,289.5
0.7622816698031353,289.65
0.6240469262578764,289.8
0.6376197944017833,289.95
0.7154338543194588,290.09999999999997
0.6670708445340602,290.25
0.7487390370129846,290.4
0.6367991769038278,290.55
0.7847328665242057,290.7
0.6566020616640648,290.84999999999997
0.6825041391925724,291.0
0.6873517691081658,291.15
0.7065976186450571,291.3
0.8140525560438012,291.45
0.6274988452824468,291.59999999999997
0.685914653702639,291.75
0.5784057635048937,291.9
0.6246287881942968,292.05
0.5875142078734527,292.2
0.6466233069267031,292.34999999999997
0.7122959865383953,292.5
0.7638237813071526,292.65
0.7187130674971519,292.8
0.7855226767443069,292.95
0.7283628133004811,293.09999999999997
0.7467619213688698,293.25
0.6656390441872391,293.4
0.8705839835474212,293.55
0.6938745386101675,293.7
0.6143221891325895,293.84999999999997
0.6756957975039516,294.0
0.7187130674982007,294.15
0.7753310295953044,294.3
0.765369020827005,294.45
0.6677774873796807,294.59999999999997
0.887974368865631,294.75
0.7708831023126518,294.9
0.7782493186252261,295.05
0.8365689033355088,295.2
0.8615389551479546,295.34999999999997
0.8177030159342166,295.5
0.8049523750314398,295.65
0.6852467718577397,295.8
0.8034428663317873,295.95
0.732814800964837,296.09999999999997
0.7894613850774477,296.25
0.6338780797631351,296.4
0.8608172773482635,296.55
0.6209759882623409,296.7
0.8982648894252724,296.84999999999997
0.783525585192679,297.0
0.7471193458791823,297.15
0.6047247559174287,297.3
0.7743632716698673,297.45
0.89696531638253,297.59999999999997
0.9237080373361145,297.75
0.8990758230061167,297.9
0.5809506273189401,298.05
0.6703962226224808,298.2
0.7342610610115633,298.34999999999997
0.799454567168018,298.5
0.9867586602495316,298.65
1.0101652172711593,298.8
0.7987252066621097,298.95
0.7622816698031353,299.09999999999997
0.9138891902743435,299.25
0.7949731992568039,299.4
0.6893186966518706,299.55
0.684687614967043,299.7
0.7790737352734141,299.84999999999997
0.7171747261715721,300.0
0.6909980998967041,300.15
0.5579341931102004,300.3
0.4438728674001208,300.45
0.25622157789130273,300.59999999999997
0.21894639019908044,300.75
0.14485609675052452,300.9
0.08587493669452738,301.05
0.07973825378310088,301.2
0.055300323173469224,301.34999999999997
0.04240313206574054,301.5
0.040036692210717775,301.65
0.04744192230035806,301.8
0.06223254999699405,301.95
0.10814687931883211,302.09999999999997
0.19288176786557068,302.25
0.3243634509946543,302.4
0.4804565374527578,302.55
0.6813158843991654,302.7
0.846573265206487,302.84999999999997
0.9569186774714824,303.0
0.953368300887636,303.15
0.8520015295179522,303.3
0.6889360917610894,303.45
0.49946280137079535,303.59999999999997
0.3458938355894598,303.75
0.20274346011616445,303.9
0.12775032913622822,304.05
0.08455518978822746,304.2
0.07405120490969722,304.34999999999997
0.08762989768733735,304.5
0.08928227930426913,304.65
0.13297115159472275,304.8
0.16085724466632798,304.95
0.23970770153972787,305.09999999999997
0.38625300705374965,305.25
0.4779880962287599,305.4
0.6331519880332053,305.55
0.9196060124703044,305.7
0.9610883646074273,305.84999999999997
1.095250818012182,306.0
1.215329875334266,306.15
1.0321023478398423,306.3
1.206096271682885,306.45
1.0175656950527003,306.59999999999997
0.9577765242712267,306.75
0.8561941656352238,306.9
1.2617814618668386,307.05
0.8393541895406874,307.2
1.0368332111734082,307.34999999999997
0.8410241768754323,307.5
1.0051287810020666,307.65
0.9094852709479756,307.8
0.834841532607673,307.95
1.1516162656585012,308.09999999999997
0.892416810718547,308.25
0.896372477437652,308.4
0.784979250473303,308.55
0.785728562468442,308.7
0.8793777611572295,308.84999999999997
0.8359881039614048,309.0
0.9415406718590543,309.15
0.8494461454358531,309.3
0.8871710491004193,309.45
0.8563121149616693,309.59999999999997
1.114898065884557,309.75
0.9761093148852434,309.9
0.9556269136124423,310.05
0.7683192663799887,310.2
1.0614606858218953,310.34999999999997
0.9821721056580358,310.5
1.0545680839643972,310.65
1.0212436433480379,310.8
0.7657181855291129,310.95
0.9282825114866419,311.09999999999997
0.9647553235386745,311.25
0.8083358948325654,311.4
0.9830517708977455,311.55
0.9314639823920189,311.7
0.7527673494081352,311.84999999999997
0.9188196749423669,312.0
0.7489283515606076,312.15
0.8766719834305919,312.3
0.9840931392927336,312.45
0.8078478871711258,312.59999999999997
0.6951322278277163,312.75
0.9497279820467035,312.9
0.885557172451848,313.05
0.7619910553655436,313.2
0.8716253519462618,313.34999999999997
0.9259847825010573,313.5
0.9497279820483707,313.65
0.8710880854469576,313.8
0.8566803081366988,313.95
1.009085980924687,314.09999999999997
0.9527525934583514,314.25
0.7042017139650522,314.4
0.894935983082411,314.55
0.7048762366781981,314.7
0.8072687847431128,314.84999999999997
0.8152785388071158,315.0
0.784003636187205,315.15
0.7865845250134339,315.3
0.7981147800939696,315.45
0.8229009533902596,315.59999999999997
0.816766064564387,315.75
0.7288610094800851,315.9
0.9656630153064585,316.05
1.0783369796198612,316.2
0.8631351366255652,316.34999999999997
0.7122959865386789,316.5
0.8567476201675494,316.65
0.8601310026111468,316.8
0.7072442419519847,316.95
0.7579559856766047,317.09999999999997
0.792429285023536,317.25
0.8639460997986457,317.4
0.9124837474611411,317.55
0.819628258481341,317.7
0.6999440330115679,317.84999999999997
0.7895329007402018,318.0
0.6453952585213215,318.15
0.7977715049205082,318.3
0.8992736830026843,318.45
0.7386773193706356,318.59999999999997
0.6444582735379559,318.75
0.703279581644478,318.9
1.0414258561755434,319.05
0.8455642678895064,319.2
0.7162752937273169,319.34999999999997
0.9400368801929487,319.5
0.7205784980080437,319.65
0.9073294114232773,319.8
0.7777944680573633,319.95
0.6813265958176173,320.09999999999997
0.8452579040251051,320.25
0.7305599861906674,320.4
0.9223976804064118,320.55
0.8218799844676724,320.7
0.8954578116469617,320.84999999999997
0.5816381428523,321.0
0.7736194820670621,321.15
0.7483616061125516,321.3
0.8154560949300127,321.45
0.7458157976692105,321.59999999999997
0.9529365225289194,321.75
0.6921746309854532,321.9
0.7716539854161619,322.05
0.8461212930975087,322.2
0.7703349187745954,322.34999999999997
0.7637872626718852,322.5
0.8486930903423815,322.65
0.7036094501154588,322.8
0.8659284542226445,322.95
0.8018661405344656,323.09999999999997
1.0239254806456302,323.25
0.7796753366144273,323.4
0.910656894181407,323.55
0.800113299946071,323.7
0.9109635746192035,323.84999999999997
0.7640269799743306,324.0
0.6458150277907649,324.15
1.0556329009139898,324.3
0.7683192663786808,324.45
0.8758602501065643,324.59999999999997
0.7516252127907416,324.75
0.6145298707396327,324.9
0.9264828915808715,325.05
0.7609621719515055,325.2
0.7935646561430705,325.34999999999997
0.6386101948252568,325.5
0.6322153726669811,325.65
0.8796138357224206,325.8
0.8052041586944023,325.95
1.0565723800313813,326.09999999999997
0.7840777526234183,326.25
0.6986852352029888,326.4
0.8766719834320844,326.55
0.875931551008221,326.7
0.7122959865381119,326.84999999999997
0.7853519851565719,327.0
0.8056313227059255,327.15
0.7122959865366546,327.3
0.8965963466903781,327.45
0.8611339538743886,327.59999999999997
0.8155272889332306,327.75
0.8002337626552347,327.9
0.9264828915792432,328.05
0.8758602501134629,328.2
0.7712759089857862,328.34999999999997
0.8024600354683455,328.5
0.891729326655676,328.65
0.75915756459979,328.8
0.6713594355855951,328.95
0.8013329848521001,329.09999999999997
0.7708408621455581,329.25
0.9788012876251371,329.4
0.8186088203462952,329.55
0.8568198098919179,329.7
0.7895329007416043,329.84999999999997
1.0768569245307493,330.0
1.006711660969692,330.15
0.8663059295740331,330.3
0.933353361668836,330.45
0.7326473004384232,330.59999999999997
0.8916510910619881,330.75
0.883870932198789,330.9
0.8207914017045266,331.05
0.7577616878081748,331.2
0.8781731340871511,331.34999999999997
1.1334344895257458,331.5
0.8318087359571567,331.65
0.8684156548203135,331.8
0.9880234651969776,331.95
0.7025385072697209,332.09999999999997
0.9029104054731671,332.25
0.9031726888067461,332.4
0.8237436578995516,332.55
0.8252209600163396,332.7
0.9008449241484735,332.84999999999997
0.7358819463564736,333.0
0.8237436578979678,333.15
0.8126866960516762,333.3
0.8682424451290636,333.45
0.9398349822343638,333.59999999999997
0.8264808393428316,333.75
0.7586584471967953,333.9
0.7171415374709331,334.05
0.8710880854454746,334.2
0.8001132999428816,334.34999999999997
0.8354749917315277,334.5
0.7716539854170859,334.65
0.8127479846380317,334.8
0.9972143811522983,334.95
0.7863007643586629,335.09999999999997
0.9430397568224654,335.25
0.7553205763305468,335.4
1.1105087034176948,335.55
0.8992736830041395,335.7
0.8293857377481787,335.84999999999997
0.8398713871120795,336.0
0.8262633443872134,336.15
0.9952628852923924,336.3
0.9659904474982584,336.45
0.9703742425291516,336.59999999999997
0.8565031494573901,336.75
0.7536551083347971,336.9
0.9012724727607605,337.05
0.6909697593948219,337.2
0.6340669475568491,337.34999999999997
0.6322627296197761,337.5
0.8492759839521172,337.65
0.8156060914523217,337.8
0.8737497434889276,337.95
0.8880573338617317,338.09999999999997
1.002126767266349,338.25
0.9040679829150366,338.4
0.8798950421914924,338.55
0.94972798204796,338.7
0.956232968229826,338.84999999999997
1.050762873755583,339.0
1.3637119742273551,339.15
1.170594954617726,339.3
0.8938616301660468,339.45
0.837995278280764,339.59999999999997
0.9811759284752982,339.75
0.8357606242022787,339.9
0.7944839849817351,340.05
0.9656630153080211,340.2
0.9075178495159856,340.34999999999997
1.0548505449440075,340.5
0.8368232569126477,340.65
0.8796138357239831,340.8
1.1184813011753227,340.95
0.8003325691417885,341.09999999999997
1.014482162642349,341.25
1.112181452664612,341.4
1.0132661216931653,341.55
1.1415604552460699,341.7
0.9465409754025406,341.84999999999997
1.1396735784581065,342.0
1.0524970547369084,342.15
0.9057008570510376,342.3
1.0045199810142198,342.45
0.8511713046680128,342.59999999999997
1.0439757970623842,342.75
1.1683703951802265,342.9
1.0061803446232724,343.05
0.8936881321751344,343.2
1.1193222645596261,343.34999999999997
0.9264217739027748,343.5
0.6560620928618224,343.65
1.0512506284060534,343.8
1.1336541757574568,343.95
0.8189271222493293,344.09999999999997
0.7676967854883211,344.25
0.8654779191279123,344.4
1.041368401368361,344.55
0.7577616878056977,344.7
1.0345251233014832,344.84999999999997
0.8303771393876622,345.0
0.7274512202922314,345.15
0.7740557541575477,345.3
0.7763649377067667,345.45
0.8837041116399282,345.59999999999997
0.9117388627691461,345.75
0.9198793883275773,345.9
0.7163202576470787,346.05
1.0641530401295005,346.2
1.235904294522541,346.34999999999997
1.0795044764899504,346.5
1.0128601889510913,346.65
1.1141039789445364,346.8
0.8753516942961141,346.95
0.9669957635388005,347.09999999999997
0.9528115144628403,347.25
1.1153055578684679,347.4
1.1270506116090035,347.55
0.9757479267635013,347.7
1.3931671501383842,347.84999999999997
1.3556601034079288,348.0
1.247898395023446,348.15
1.1358233298823186,348.3
1.4122042167830564,348.45
1.3904017657190562,348.59999999999997
1.4245919730782397,348.75
1.4146989732625015,348.9
1.1180342067139153,349.05
1.2609564086022735,349.2
1.2519141581583288,349.34999999999997
1.1986222118267724,349.5
1.3420069311573373,349.65
1.6161337509661318,349.8
1.7006756887868653,349.95
1.3894168626284227,350.09999999999997
1.4139606896961636,350.25
1.3947054281817761,350.4
2.1176367167379238,350.55
1.688830806787366,350.7
1.5195647712796927,350.84999999999997
1.6394113975869018,351.0
1.6901938663578544,351.15
1.7728255664946995,351.3
1.5112225660295981,351.45
1.7837328066258933,351.59999999999997
1.6039112424152298,351.75
1.5707039703086663,351.9
1.726147938181517,352.05
1.864539494171314,352.2
1.5558043916458508,352.34999999999997
1.316919323946295,352.5
1.2412286498076697,352.65
1.196917456830958,352.8
0.8987358756310263,352.95
0.6981209420294394,353.09999999999997
0.5558067167673444,353.25
0.2829443641669949,353.4
0.22966552836961196,353.55
0.12474039167209774,353.7
0.08579008201862863,353.84999999999997
0.0696495849217679,354.0
0.05346934519718455,354.15
0.03918174284918215,354.3
0.03051639747290841,354.45
0.035957560242858864,354.59999999999997
0.04405419454925894,354.75
0.0690947934309135,354.9
0.12270449384544083,355.05
0.208084102753509,355.2
0.3464371403839623,355.34999999999997
0.5118634915433283,355.5
0.7076627706030071,355.65
0.8793339927566858,355.8
0.9894616042200921,355.95
1.0076129729160197,356.09999999999997
0.9194845758543123,356.25
0.7630416105316981,356.4
0.5773460975677077,356.55
0.3876579783259326,356.7
0.24756429502596017,356.84999999999997
0.14787949619160148,357.0
0.08214616227368689,357.15
0.052444926630616,357.3
0.038085538366503774,357.45
0.034065934823564174,357.59999999999997
0.03202673003808596,357.75
0.04581635452505056,357.9
0.057535256589504855,358.05
0.07998574768429641,358.2
0.11607407677246089,358.34999999999997
0.15586712176007603,358.5
0.22195167065646174,358.65
0.3426721232527917,358.8
0.5055003775433907,358.95
0.8514802597687933,359.09999999999997
1.8958855581476837,359.25
2.105918568893052,359.4
3.513993533599811,359.55
3.490250334015582,359.7
6.389079151971435,359.84999999999997
8.490568159520626,360.0
7.479107858671341,360.15
9.447294137220046,360.3
8.191403845185414,360.45
7.1877140459519895,360.59999999999997
11.09146607610663,360.75
7.347895440057312,360.9
6.751327176760558,361.05
4.833437051491013,361.2
16.240348493121566,361.34999999999997
7.374358448802548,361.5
6.410663878816801,361.65
6.863943143028089,361.8
5.983286286960356,361.95
7.993543848912749,362.09999999999997
8.547551838381748,362.25
11.615903780473253,362.4
8.230975844431669,362.55
7.21793266357854,362.7
6.452563642743318,362.84999999999997
5.555908695026301,363.0
4.4447269559465346,363.15
7.631742712908557,363.3
6.588737875485094,363.45
4.338530099802566,363.59999999999997
4.612964484286273,363.75
8.140525560360402,363.9
7.657181855320232,364.05
3.527561076185001,364.2
4.986071905719915,364.34999999999997
5.76620560534121,364.5
5.050826086324047,364.65
8.903699831765456,364.8
3.5305105419627028,364.95
1.9426254178397357,365.09999999999997
3.87489016674459,365.25
3.999815924415508,365.4
3.9176279259651587,365.55
4.748639910193604,365.7
3.408845078449563,365.84999999999997
3.5350985998391278,366.0
4.109399922335377,366.15
4.273775919228792,366.3
3.4685717605297333,366.45
4.459592263558474,366.59999999999997
3.1779359399269405,366.75
3.193050974112903,366.9
3.8902319264956393,367.05
5.935799887791897,367.2
4.7486399102490395,367.34999999999997
4.002425067215448,367.5
3.8748901667818427,367.65
4.202546320576221,367.8
3.6327095312997697,367.95
5.965478887257632,368.09999999999997
4.7296453506127,368.25
4.54512677124391,368.4
4.51120791473012,368.55
3.964082012033981,368.7
5.983286286890507,368.84999999999997
5.508422295935452,369.0
3.7782656676945803,369.15
3.389546418707047,369.3
3.482335934156759,369.45
4.416235116566531,369.59999999999997
7.360391860866609,369.75
3.0683519419891616,369.9
3.0135599430650473,370.05
3.0741195208393037,370.2
3.1341023407503963,370.34999999999997
3.589971772171557,370.5
2.4421576681447084,370.65
3.027257942749808,370.8
6.1732318833159905,370.95
5.609330893988954,371.09999999999997
3.2480696986243127,371.25
3.052697085126835,371.4
3.4685717605702253,371.55
3.28751993788263,371.7
3.305053377505392,371.84999999999997
2.326833556018149,372.0
2.301263956496349,372.15
2.967899943915351,372.3
3.6801959304333045,372.45
2.3743199551280476,372.59999999999997
2.4218063542308905,372.75
2.3149619562464068,372.9
2.585370617797943,373.05
3.282755416230825,373.2
2.3347479558756783,373.34999999999997
2.849183946132793,373.5
3.218522605848395,373.65
3.3971039357845885,373.8
2.2160319581162184,373.95
2.357945334760408,374.09999999999997
3.4490121453510305,374.25
2.849183946141395,374.4
3.391885650166798,374.55
2.654921404361217,374.7
2.3463867791681823,374.84999999999997
2.493035952890447,375.0
2.7304679484223016,375.15
3.5239906702190638,375.3
2.6117519506369717,375.45
2.3088214735918005,375.59999999999997
2.963151304014027,375.75
4.441374974873136,375.9
2.6711099494908317,376.05
3.2208166348181018,376.2
2.3933145147562027,376.34999999999997
2.6526885015954234,376.5
4.669495911725487,376.65
5.223503901250661,376.8
2.9085419450420886,376.95
2.6300159502738656,377.09999999999997
3.172954849136824,377.25
4.273775919224136,377.4
3.2827554162105788,377.55
2.301263956514259,377.7
2.9170216591363505,377.84999999999997
2.9204135447973387,378.0
2.7872451647265772,378.15
3.527561076185001,378.3
3.077118661869317,378.45
2.4930359528599575,378.59999999999997
2.9916431434452533,378.75
3.403191935710816,378.9
3.3477911367313937,379.05
3.2208166347776093,379.2
4.712111910912567,379.34999999999997
3.145973940535138,379.5
2.9204135447973387,379.65
2.913938126738437,379.8
4.60897403054268,379.95
3.013559943047137,380.09999999999997
2.6300159502738656,380.25
2.3743199551421585,380.4
1.5571121566084236,380.55
1.4804583249668426,380.7
1.3280094664196593,380.84999999999997
0.9442063077342112,381.0
0.6937143521099959,381.15
0.47232461139250964,381.3
0.2092369460442569,381.45
0.17147866342673768,381.59999999999997
0.13961947908813746,381.75
0.10533954730495688,381.9
0.06440684016244451,382.05
0.06972323251871274,382.2
0.06487212992143497,382.34999999999997
0.0765677744802581,382.5
0.09033806280864376,382.65
0.1539646139960935,382.8
0.23792767817549398,382.95
0.3987455137102262,383.09999999999997
0.5570532860780902,383.25
0.7699995686715664,383.4
0.9270849209431797,383.55
1.0116998239529114,383.7
1.033000233352116,383.84999999999997
0.9265006514581071,384.0
0.7718231736462771,384.15
0.5812445536689109,384.3
0.383240075165426,384.45
0.25018233489427655,384.59999999999997
0.13948690914269704,384.75
0.0764295367812579,384.9
0.05157197081647221,385.05
0.03866749641206115,385.2
0.038750533269032966,385.34999999999997
0.03603183444746415,385.5
0.0516414590246859,385.65
0.07385008556014519,385.8
0.08076697555499823,385.95
0.09906103123990906,386.09999999999997
0.14943272444703953,386.25
0.22086697257152765,386.4
0.31005825296263484,386.55
0.30310467512062783,386.7
0.6826169871007247,386.84999999999997
0.896114305645648,387.0
1.1517977654795222,387.15
1.3838893452659249,387.3
2.136887959573263,387.45
2.2625872513334104,387.59999999999997
3.294368937786203,387.75
2.7474273766524027,387.9
2.136887959612068,388.05
2.5642655514801542,388.2
3.2377090297470037,388.34999999999997
1.6145375694458683,388.5
9.615995818399824,388.65
18.51969565001006,388.8
9.687225416954607,388.95
7.122959865257144,389.09999999999997
13.29619174854209,389.25
11.396735784830526,389.4
4.74863991022317,389.55
6.308907309347497,389.7
5.460935896728188,389.84999999999997
2.5642655515422423,390.0
3.988857524655759,390.15
4.3924919169318555,390.3
2.7700399476517408,390.45
3.5614799326867796,390.59999999999997
3.0526970851434663,390.75
2.1916799586123,390.9
2.5820729511906393,391.05
2.5204319524077268,391.2
1.160778644701673,391.34999999999997
1.3228354035610599,391.5
1.8316182511126888,391.65
2.0111886678701816,391.8
1.942625417797403,391.95
3.5614799327061823,392.09999999999997
3.6632365022253777,392.25
4.273775919207504,392.4
10.921871793611595,392.55
4.273775919274028,392.7
4.27377591910772,392.84999999999997
4.273775919262941,393.0
6.410663878894411,393.15
27.06724748853594,393.3
21.368879596702754,393.45
6.5124204483415395,393.59999999999997
14.245919730514288,393.75
9.02241582935676,393.9
5.41344949780032,394.05
32.76561538036913,394.2
0.0,394.34999999999997
0.0,394.5
6.410663879010826,394.65
7.122959865373559,394.8
31.34102340741083,394.95
11.396735784830526,395.09999999999997
21.368879595771432,395.25
0.0,395.4
11.396735784597695,395.55
0.0,395.7
4.558694313839078,395.84999999999997
0.0,396.0
0.0,396.15
10.684439798118547,396.3
8.547551838448271,396.45
22.79347156966105,396.59999999999997
29.916431433986872,396.75
0.0,396.9
14.24591973144561,397.05
15.670511703472584,397.2
28.491839461494237,397.34999999999997
0.0,397.5
7.122959865257144,397.65
6.173231883284946,397.8
7.122959865257144,397.95
9.972143811406568,398.09999999999997
5.698367892298847,398.25
17.095103677362204,398.4
0.0,398.55
13.53362374426797,398.7
10.684439798584208,398.84999999999997
0.0,399.0
0.0,399.15
7.597823856398463,399.3
7.835255851736292,399.45
6.648095874426265,399.59999999999997
6.648095874426265,399.75
28.4918394619599,399.9
7.597823856398463,400.05
7.122959865257144,400.2
19.944287622813135,400.34999999999997
6.054515885538422,400.5
5.698367892143627,400.65
0.0,400.8
6.766811872133985,400.95
21.368879596237093,401.09999999999997
4.74863991017143,401.25
21.368879596237093,401.4
31.34102340694517,401.55
14.24591973121278,401.7
7.835255851969123,401.84999999999997
0.0,402.0
12.821327757555991,402.15
21.368879596702754,402.3
17.095103676896542,402.45
27.06724748807028,402.59999999999997
0.0,402.75
0.0,402.9
12.821327757788822,403.05
9.25984782539308,403.2
10.684439797652885,403.34999999999997
0.0,403.5
25.642655516043305,403.65
0.0,403.8
12.821327758021653,403.95
24.218063541688025,404.09999999999997
0.0,404.25
7.122959865489975,404.4
0.0,404.55
35.61479932628572,404.7
0.0,404.84999999999997
29.916431433986872,405.0
18.519695649389178,405.15
15.670511704403907,405.3
11.396735784442475,405.45
3.9176279261009768,405.59999999999997
7.597823856398463,405.75
24.218063542153686,405.9
25.642655515577644,406.05
4.27377591910772,406.2
0.0,406.34999999999997
5.698367892298847,406.5
12.82132775732316,406.65
4.986071905703284,406.8
9.25984782539308,406.95
11.396735784597695,407.09999999999997
8.547551838448271,407.25
4.7486399103266494,407.4
5.698367892298847,407.55
13.533623743802309,407.7
18.5196956503205,407.84999999999997
3.3240479372131326,408.0
4.27377591918533,408.15
15.670511703472584,408.3
0.0,408.45
8.54755183821544,408.59999999999997
28.4918394619599,408.75
11.396735784597695,408.9
31.34102340787649,409.05
0.0,409.2
0.0,409.34999999999997
6.76681187201757,409.5
5.698367892298847,409.65
15.670511703705415,409.8
9.972143812570721,409.95
5.342219898942858,410.09999999999997
6.173231883440167,410.25
9.972143811173737,410.4
7.122959865257144,410.55
22.79347156966105,410.7
4.986071905703284,410.84999999999997
5.698367892298847,411.0
4.27377591918533,411.15
13.53362374426797,411.3
5.698367892454068,411.45
9.25984782516025,411.59999999999997
6.7668118719011545,411.75
5.223503901312749,411.9
3.9176279259845614,412.05
11.396735784597695,412.2
5.698367892609288,412.34999999999997
4.748639910016209,412.5
6.76681187201757,412.65
3.205331939388998,412.8
6.410663879010826,412.95
3.7989119281992316,413.09999999999997
2.8491839461028574,413.25
28.491839461494237,413.4
9.259847824694589,413.55
6.410663878777996,413.7
9.972143811794618,413.84999999999997
2.6117519505011537,414.0
6.648095874271045,414.15
5.698367892609288,414.3
1.8994559640996158,414.45
2.136887959612068,414.59999999999997
2.136887959592665,414.75
1.9944287622347474,414.9
5.413449497707188,415.05
4.986071905819699,415.2
15.670511703705415,415.34999999999997
1.3228354035277985,415.5
2.279347156919539,415.65
5.698367892485112,415.8
4.629923912347294,415.95
2.3743199551633247,416.09999999999997
24.218063542619348,416.25
3.5614799327061823,416.4
1.8994559640996158,416.55
4.0702627801469395,416.7
3.917627925868146,416.84999999999997
3.3240479372131326,417.0
4.51120791475599,417.15
1.0684439798351377,417.3
2.3743199551633247,417.45
7.122959865412365,417.59999999999997
2.216031958038608,417.75
1.8994559640996158,417.9
2.6711099495296367,418.05
4.986071905819699,418.2
1.5263485425883638,418.34999999999997
1.5341759709856257,418.5
2.6456708071221198,418.65
1.305875975289382,418.8
3.2562102241707698,418.95
4.273775919247418,419.09999999999997
0.9972143811639398,419.25
1.4245919730514287,419.4
2.3743199551245198,419.55
2.4218063542153687,419.7
1.7298616816489292,419.84999999999997
2.2016421401957897,420.0
3.027257942769211,420.15
3.134102340787649,420.3
1.7533439668253636,420.45
1.5921910287648,420.59999999999997
3.165759940062546,420.75
3.4190207353793083,420.9
1.8629279648168728,421.05
4.036343923692281,421.2
1.8131170567040416,421.34999999999997
1.5341759709498057,421.5
3.4823359342602394,421.65
5.698367892298847,421.8
2.5642655515111983,421.95
4.0702627801469395,422.09999999999997
1.8629279647810528,422.25
1.851969564985484,422.4
1.6620239686065663,422.55
2.410847954487858,422.7
2.201642140153457,422.84999999999997
1.8629279647810528,423.0
2.7196755849502305,423.15
2.978692307348617,423.3
1.8994559640996158,423.45
1.329619174854209,423.59999999999997
2.7196755849502305,423.75
1.8044831659334402,423.9
2.0894015605250993,424.05
3.4190207353327424,424.2
2.136887959603752,424.34999999999997
2.97869230739095,424.5
1.9944287622657915,424.65
1.2746349233202636,424.8
2.1368879595771433,424.95
3.3672173909250307,425.09999999999997
2.7196755849502305,425.25
2.035131390106731,425.4
2.238644529067512,425.55
1.927389140076497,425.7
3.7989119281992316,425.84999999999997
1.5745490228904313,426.0
1.7298616815824062,426.15
1.5921910287374084,426.3
2.8491839461161623,426.45
1.4958215717226266,426.59999999999997
4.014759196815166,426.75
1.508391500916332,426.9
1.7533439668611839,427.05
2.747427376619141,427.2
1.7807399663841352,427.34999999999997
0.9747208236765704,427.5
0.9497279820498079,427.65
2.5204319523360867,427.8
1.4245919730580812,427.95
1.9944287623278796,428.09999999999997
1.4245919730747119,428.25
1.7533439668253636,428.4
2.4930359528710446,428.55
4.070262780346509,428.7
2.978692307306284,428.84999999999997
1.899455964138421,429.0
1.8697769646241795,429.15
1.9944287622968355,429.3
2.2160319581420884,429.45
1.9426254178397357,429.59999999999997
1.3150079751100678,429.75
2.37431995520213,429.9
3.256210224104247,430.05
0.8379952782655463,430.2
2.2625872513608023,430.34999999999997
2.255603957377995,430.5
1.6281051120853849,430.65
1.9944287623278796,430.8
2.6908959491281874,430.95
1.1080159790451742,431.09999999999997
2.8491839461106188,431.25
4.47728905826807,431.4
1.5341759709856257,431.55
2.84918394619599,431.7
2.8491839461752937,431.84999999999997
1.5921910286826246,432.0
1.329619174885253,432.15
2.84918394619599,432.3
3.20533193933079,432.45
1.5195647713107368,432.59999999999997
2.5901672237722035,432.75
3.367217390840365,432.9
1.329619174916297,433.05
2.136887959592665,433.2
1.1871599775945976,433.34999999999997
1.780739966314286,433.5
1.6620239686065663,433.65
1.7298616815824062,433.8
1.4245919730747119,433.95
0.9497279820387208,434.09999999999997
1.6145375695079565,434.25
0.9314639823905264,434.4
0.6919446726196579,434.55
0.6964671868623958,434.7
0.4904333022041399,434.84999999999997
0.3027257942711003,435.0
0.37163268862481136,435.15
0.3110024729927241,435.3
0.36974142812803845,435.45
0.3598969195185131,435.59999999999997
0.5296559899858334,435.75
0.6337538435346953,435.9
0.683307196388595,436.05
0.9910205030097606,436.2
1.1537436226382851,436.34999999999997
1.2150038149890934,436.5
1.1694411719270024,436.65
1.0971655921659418,436.8
0.8547551838441863,436.95
0.7777791072511399,437.09999999999997
0.5046631483566619,437.25
0.4065960176844331,437.4
0.2013663759411859,437.55
0.07426782797964651,437.7
0.07419749860006657,437.84999999999997
0.0583166304760618,438.0
0.03049585263498287,438.15
0.033388874368029064,438.3
0.05166913891799864,438.45
0.06475418059506102,438.59999999999997
0.08025870271171377,438.75
0.08094272574155846,438.9
0.16347776740392456,439.05
0.09824772228101461,439.2
0.23743199550857147,439.34999999999997
0.427377591903011,439.5
0.2999140995946762,439.65
0.47486399101714294,439.8
1.424591973113517,439.95
1.0175656950367349,440.09999999999997
2.5642655515111983,440.25
7.1229598661884665,440.4
5.698367892066017,440.55
11.396735785063356,440.7
0.0,440.84999999999997
0.0,441.0
0.0,441.15
0.0,441.3
0.0,441.45
0.0,441.59999999999997
0.0,441.75
0.0,441.9
0.0,442.05
0.0,442.2
0.0,442.34999999999997
0.0,442.5
0.0,442.65
0.0,442.8
0.0,442.95
0.0,443.09999999999997
0.0,443.25
0.0,443.4
0.0,443.55
0.0,443.7
0.0,443.84999999999997
0.0,444.0
0.0,444.15
0.0,444.3
0.0,444.45
0.0,444.59999999999997
0.0,444.75
0.0,444.9
0.0,445.05
0.0,445.2
0.0,445.34999999999997
0.0,445.5
0.0,445.65
0.0,445.8
0.0,445.95
0.0,446.09999999999997
0.0,446.25
0.0,446.4
0.0,446.55
0.0,446.7
0.0,446.84999999999997
0.0,447.0
0.0,447.15
0.0,447.3
0.0,447.45
0.0,447.59999999999997
0.0,447.75
0.0,447.9
0.0,448.05
0.0,448.2
0.0,448.34999999999997
0.0,448.5
0.0,448.65
0.0,448.8
0.0,448.95
0.0,449.09999999999997
0.0,449.25
0.0,449.4
0.0,449.55
0.0,449.7
0.0,449.84999999999997
